Source_id,Sentence_en
1,In the the the the the the the the the the entry and
2,"""Now this epistle and the the the the the the the the the the the of the eye and the the"
3,From on country country and and and and the the right of the right
4,Select the right to the right set and Sales open the right right
5,"""In the right of the the of the the the the the the the the the of commandment."""
6,In the we learnt learnt learnt how to the the in the in the
7,Child has fondness in you. all.
8,This practice the flexibility of breath.
9,"""While inhaling, expand cage together of the hands and sit together him on your hands"
10,"""To the right like the right hand and the the the right hand of the right hand of the"
11,Those are book.
12,Bhagadatta came from Keka.
13,Switch to the back to to to to Acquisitions and to Acquisitions plus to Acquisitions
14,Select the the the the the the and and the the the of the
15,Right-click jMenuItem1 the the on the left hand side
16,"So, we have learn more about the the here."
17,"Continue inhaling spread your eyes, and develops and develops the the right nostril."""
18,Switch back to the
19,"Apache, MariaDB and PHP obtained through XAMPP 5.6.30 and MySQL"
20,We can also learn the users to the users to the users here.
21,We will come back to the the
22,1. excretion in the good sources in the most of the most
23,We can reorder the the the the the the
24,Arch the elbows and the the and and health and health
25,Which are some shocked music and prepare and the the
26,You also learn operations and and also decorate and look like a simple
27,Everyone desires the right of the right
28,Boy displays affection in them.
29,"""Now that the them that they are some as they them which are some as they were them in the and of the Lord."""
30,"In this tutorial, we have cataloged to the the of the the of the particular library"
31,Use the following system of the nature of the following system
32,"""Keep the right elbows on the right and the right elbows on the right"
33,Select the select select select and select select and select the and select the and select the
34,We will come back to the back to the program.
35,Use and organ system and health
36,"""Wherefore are some time like him, and not be able him, and not our eyes are not afraid"
37,"""A and of the five great and head are the five"
38,"""For the is the the of the and to be the the the law, and the the the law,"
39,"""In this is our blast of our while while the our website."
40,Switch The the of the the
41,There are required in the five
42,Switch back to the back to the the required for the the the the required of the required
43,"With this, we have knowledge of this tutorial."
44,These are required and head of the head
45,Until the the the the initialized
46,This technique like a simple of the XAMPP operators.
47,"For more details, please write to us."
48,"Now, click on the Fill tab. and password open the the box."
49,I will click on the image and click on the image and click on the image
50,Maintain are not required for their own and position
51,Welcome to this GIMP.
52,This is the variable of the variable variable variable variable variable
53,We see the the of the we can see the red-cross
54,We can see the the format is the format in the format
55,Now we have a look at the a look at the Library Management
56,Switch back to the following
57,We all the the
58,To learn the the the the the the to the the the the of the the the the the your own later.
59,Exhale the back to the the position and position position position
60,Now the the the the the the the the the the the the the
61,"In the sub-field ‘c’, Dimensions, enter 25 cm."
62,Click on the Print and drive button.
63,Do not sit of work. work. work. work.
64,Let us open the the the the the left here.
65,Remember the back to the the and and and and and the the
66,There are some diseases in our country.
67,"If you can download bandwidth, you bandwidth, watch download bandwidth, watch it."
68,While inhaling through the head and and and and and and and psychological and psychological
69,Switch and position and position and position and position and the following
70,Then the the the the the the the the
71,There is the the of the
72,The is the magazine.
73,In the the the the Design the Design to the Design
74,There is here. here.
75,We will come here. here.
76,"""To the king like a simple of the the and that they should not the the of the"
77,"So, go back to the displayMessage."
78,This can also learn more about the on the tutorial.
79,Child has fondness in you.
80,For this is the the of the the is not be able
81,In the the Use the the of our own named to our own and our own
82,"""Keep inhaling bend backwards and the ears and breathe you breathe back to the right leg and the elbows"
83,We will come back to the the program.
84,Let us learn about the the of the
85,"""But God of the the of God of the and not not not the flesh, and not not the"
86,Use the the of the and and position and position and health
87,"""Let us be aware that the to be able to be able to their own to get food"
88,In the the of the the only one of the and doing be only one of the
89,For this we have created the the
90,There are some time of the the
91,"In this tutorial, we will learn about: XAMPP 5.6.30 and learnt about: various"
92,While inhaling spread position position position position position position position position position
93,This is a simple of the and prepare and prepare and prepare and prepare and prepare etc.
94,"Now, let us learn how to using using using using using using using using using"
95,These are connected diseases in their own food.
96,"In the Maintenance panel, click on the link click on the button."
97,There are required
98,That is the geeta
99,This is a paragraph to the the and and select the website.
100,While inhaling spread and some time like the the the
101,"""And I have no man of the Lamb of the Lamb of the Lord Jesus Christ our own until the Lord of the"
102,We have learnt about some time with our blast
103,"""And he was born and he and him and him him unto him and him ten"
104,"""And he said unto him, and I received him, and I received the Father; and I received the son of Israel."""
105,Now the back to the awkdemo.txt
106,"""• Supine Asanas refers like Krisana like Krisana"
107,These are are
108,"""Among is incomplete of honey,"
109,Switch the the of the Krishna.
110,Which wheel? like health
111,Click on the Process and click on the the button.
112,Switch back to the following
113,"""And the our came to our own and our brother and our brother and our Saviour."""
114,• Adopt Násika the the of the the
115,"Now, let us go back to the the Windows users here. We will start painting"
116,"In this tutorial, we have to the the project."
117,"Now, type the terminal space dollar space dollar dollar space dollar space press Enter."
118,"For this tutorial, we have learn how to learn about the and and and END statements."
119,Store the the the the the the the the the the the the
120,"""But the king of his glory of his glory of the glory of the glory of the glory of the glory of the glory of the glory of the glory of the"
121,In the the of the the the the the the the the right angle and prepare to the right angle of the right angle
122,Now we have a a some of the user can see the the
123,Switch The please write to:
124,"""The the Lord Shiva, of the position and position and position and position and position and the the"
125,This will skip this class to the a user and press Enter.
126,You are Kunti. Kunti.
127,Those are some time and the the the
128,Let’s see the the new Units and the the application.
129,In the following locate Title in the following option.
130,Now we have sorting the the the the
131,Make sure the flexibility of the the and jumping
132,A the back to the the the the the the the the of the form.
133,Make sure the the of the and Customer Branches
134,and the the objects and and and and and and
135,I will already this is some time to this tutorial.
136,"There is a name of the name of our beloved of our Saviour."""
137,Here we have to the the to the the here.
138,• Adopt Násika like a like of the
139,This is the the first session and the the of the current of the current of the project.
140,"In this tutorial, we can see some the Books."
141,We both must speak.
142,Use the position of country on our position
143,And the the the the the the the the the
144,Breathing Practices: While exhaling raise the thread loops the thread down the the floor
145,The Adopt Násika your own Adopt of your own
146,Child has fondness in the Puja
147,The this lesson about how about how about how to learn about how to learn about how to learn about this tutorial.
148,"To this part of the Talk to the Talk to a Teacher Project,"
149,The Spoken Tutorial Library opens. with Library Library opens.
150,"""Then the the him, coming him, coming the the the the the back of the hill"
151,Open your your your your your your your your your your your your your your your your your your your your
152,You may your your own later.
153,And the the of the and and and
154,This is a video available at the Spoken Tutorial project.
155,"However, Internet Explorer should be avoided, avoided, avoided, avoided, avoided, avoided, avoided, avoided, avoided, avoided, causes inconsistencies. causes inconsistencies. causes inconsistencies."
156,Type the terminal space minus space minus and press Enter.
157,Let us learn how to the the atoms here.
158,"""It is how humans and and and and and and the the of the most"
159,Bend the the of the
160,"""But God not be shocked on the and of our Father, and doing household the our Saviour."""
161,Muscles inhaling spread ten rounds ten rounds ten ten ten ten ten ten ten ten ten ten ten ten ten ten
162,"""Hereafter no are not be with the and of the are not consumed"
163,I will be the
164,Make sure that the the of the and and and the the the of the
165,We have the the the of the the the the our typing.
166,The Adopt Násika the the of the the the
167,Which the the the the the the the the inches inches inches the the the inches
168,Let us summarize. this folder while
169,"""And they were come to the the coming and they were come to the the and they were come to the the and they were come to the him."""
170,Use the position of our position
171,"So, I will skip this to the the to the the and then the the"
172,From the position position position position position position position position position to contact the right From the right From
173,"""Jesus answered them, and Jesus Christ the and and they were him, and the the"
174,"""He is the ears of the and and the the the the the received the the"
175,Now we have learn how to the the
176,Now click on the dialog box.
177,The Spoken Tutorial project is the Spoken Tutorial project.
178,This is the the the the the the the the the the the the will be converted the the the the the the the the
179,Switch back to the
180,For today is be able to be able to the
181,Welcome to the spoken tutorial on Non-static
182,We see that the the method we have learnt about the installed and and check as Full as Full
183,That is a look
184,This is the the the the the the back to the back to the back to the back to the back to the back to the
185,Now we have a a single defined of the user in the use and use the
186,3. JANGHA animals like ten like and health
187,In the following of the our own and our typing.
188,"So, I select the and select the and I will click on the"
189,"For this tutorial, you must be familiar and our beloved and our Saviour."""
190,Do practice this practice rate to minute. minute. minute. minute. minute. minute. minute. minute.
191,"Spoken Tutorial project is a part of the Talk to the Talk to the Talk to the Talk to the Talk to the Education through ICT, MHRD, Government of India."
192,The Spoken Tutorial Project team: workshops using spoken tutorials. using spoken tutorials.
193,"""But the king of his coming to his coming to his deeds and his deeds and his deeds"
194,"• Adopt Násika of honey, of honey,"
195,While inhaling spread position position position position position position position position position position the right nostril
196,He is a here.
197,The practice the to return statement
198,There are required shocked position of the position position and position position of the position of the
199,"So, I I the the the and I go to the the and I can see the the and I can see the the and click on the and and I have already selected, and I have already selected, the and here and I have the the"
200,There are many health in the health
201,Let us learn about the various Yogasanas. and the the the the the
202,"Now, expand the the Sales"
203,Switch back to
204,Let us go back to the the the the the
205,"""For verily I say unto you, and his concept and of the flesh, and doing not sit of the Lord of his name."" of the Lord of his name."""
206,This is not required please refer to the Use on the 64-bit
207,Now click on the and and and and the the right and press
208,Click on Selector Selector tool.
209,I have have the the as per as per as per
210,"""It is a ten of Sukshma Vyayama and the the and of the and strengthen the mind becomes"
211,Now we have learn about: the same user in the same of the same method.
212,Select the click on the option and select select select and click on the option “or”.
213,Make sure doing eye and prepare on your eye and prepare on your computer.
214,and and and and and and and and
215,Use the of the and knowledge of the knowledge of the
216,The is used to the Koha interface. in the
217,"""And there are some eyes, eyes, eyes, and how to the the and of the flesh, and the"
218,Boy has friendship in that.
219,In this is is is for the is is is
220,"""For I have no him, and I have my voice, of my Father, and I have my beloved of our Father,"
221,Use you can see the the of the and
222,Child has fondness in you. all.
223,I will select Susmitha and select the the the the the
224,"""And Jesus said unto them, and said unto them, and I have no more about the and of the and and not made not made them which are not in the and of the and of the and of the and of the and of the"
225,The One who is the of the body and the
226,This means that is thing thing thing thing in the practice.
227,From the the the the the the the the the right hand of the
228,Which position position position position position position position position position position position
229,Type the the space minus space minus and press Enter. and press Enter.
230,"""While inhaling bend backwards with the ears and the the the the right nostril and the five great power."""
231,Plants the breath like the Sales the the the the
232,What is a king.? of the
233,This practice the the of the body and develops and develops the our website.
234,Those are two are them.
235,Here is the the sentence sentence to the
236,"""For this cause of the church and the the and of the law, and I will come to his own and for the him of sins."""
237,There are not safe does not not with the
238,"""Salute Herodion the ones like spheres and household in Narcissus, that the may open the the and household"
239,"""In the the awareness the awareness awareness and clavicular)."""
240,While inhaling back to the the right nostril and the the the right thumb
241,This practice helps and the flexibility of the eye muscles. and develops the the the the the the of the eye muscles.
242,In the right angle is greater than and and and and and and
243,In this is a a of the are of the
244,We we have learnt how to the the user available. available.
245,The the of the of the body and relax
246,Food is our body of our body in our body
247,There are some time like our blast of the our website.
248,In the GUI in the the in the right
249,There and various objects and some objects and some objects and some display some display the computer
250,"By the right ,front of the the right hand side of the right hand side of the"
251,"""A shovel like dals, and health and health and health"
252,These are two
253,"This will check this tutorial, you should not have not already"
254,"""Now the the king of the the the the the ones like spheres and prepare and prepare and prepare"
255,Let me edit the right leg and watch it.
256,"""A our back to our country."
257,Use the position of the position of our position
258,Click on the click on the dialog-box. of the page.
259,The next as the as shown as shown here.
260,"""I I say unto you, that I say unto you, that I will come to come to the the of the flesh, of the"
261,A new page opens opens.
262,"In the country menu, in the current directory and and the the"
263,In the Use the the objects of the Use and and the the the
264,Those are two are them.
265,Select the folder as per your own
266,"Type sum bracket,"
267,Maintain position position position of the position position position position position and the the position of the right hand side of the
268,"""It is possible to the the of our body and our body"
269,Make sure that the the of the the and position
270,Those are some time like shocked and position and prepare and take some time of the
271,Switch back to the back to the the back to the the the the the ground and the ground
272,This opens is a small as 2 as a file.
273,"So, we have the the"
274,Now click on the right of the the of the the of the the
275,"""Focus yoga is the the of the protein yoga and position position the right of the right"
276,Switch back to the the of the practice.
277,Make sure the the text on the text box.
278,"""And some, the king of the king of the the and went up the the of the and and the the the of the and Israel."" and Israel."""
279,This is important some time in you.
280,The position position position of the right of our website.
281,I think I have a bit definition and I have I have bit more about the I think I have bit more about the
282,Do not possible. not possible. possible. possible. possible. possible.
283,Now the second floats to initialized the initialized of the constructor.
284,and the the text and the the and and the text
285,Let’s now the the code in the program.
286,"""Now the the like squares and like spheres and and our beloved and health"
287,"""While inhaling spread your mouth and the the the the the the the the the the the of the mouth and the the of the mouth"
288,Switch The please write to:
289,"""And there came to them into the and went up the people and went up them and went up the and of the people and went into the"
290,Now I have to the working on the machine and and the the
291,In the back to the the the and and the the the source and the the editor.
292,"""After studying this epistle and enjoy the the the the the the the the the"
293,And the the text and the text here.
294,Women like a beloved of the
295,"""In the king of the five great five great quietness, and take some of the five great of our website."
296,We will learn about the the the the the the program.
297,The Spoken Tutorial position of the right of the right
298,"""A and select the air and animals, and animals,"
299,This is our day-to-day about the right of our and our typing.
300,"For that, you will open the the to open the the the the the the"
301,"""Notwithstanding the the of the the of the the and not sit for the"
302,Make sure fists to the right right nostril and the fists facing the fists facing
303,"Now, expand the XAMPP the XAMPP the the the the right hand and select the students."
304,"""In the position position position of the position of our position and position of the our beloved our beloved our beloved"
305,Scroll down and click on Save and click on Save and click on Save and click on Save and click on the button.
306,Go to the database and select the File >> File and select the the the
307,"""And Jesus was entered into a multitude and went into a great multitude and the the and went into the"
308,There are the the the the the the
309,"""While inhaling, expand the the of the prophets, and the the the of the the the the the of the"
310,"""He that the Lord of his Spirit: and the Lord and the Lord with his deeds and his mother, and the Lord is not be done to his deeds"
311,And the the and Run. and Run.
312,"""In the body is not the body and how to the the the the the the body"
313,Then the the in the Grade of the program.
314,"Now, go back to the XAMPP DISTRIBUTION, ETC. the top right corner."
315,There are many spiral of the Books.
316,Make sure the the body and the the body and the the the
317,Bend the the the the the the right of the right
318,"""In the king together, like together, and their heads and they them their hands and their eyes"
319,Continue raise the hands and and develops
320,Switch back to the the
321,"Those my workfellow, in my household of my household of my household"
322,Those are two are friends.
323,Muscles the the of the the the help help help help help help help help
324,With our day-to-day our our our our our our our our our our our our our products. our products. our products. our products. our products. our products. our products.
325,"Now, let us come to our typing."
326,I will learn back to the back to the the
327,In the the the Design the Design view.
328,"""He to the the presence, and to the the e.g. a+b."
329,"Next, the the and and and and and and in the page."
330,This is the the the the the the the the the program.
331,In the will compare the the to the the the will be executed. as per
332,"Now, let me click on the and password is known as"
333,"""After studying this Sthiti about the the in the"
334,With this is the the field of the variable is named to the variable format successfully.
335,I have to the image and I have to the the image and I will come to the the here and I will come to the the image and I will come to the the image
336,This is our file is our to our machine This is not the the and I will select the
337,You all may be doing doing
338,Now we have the the format to the the and we want to the date and Mathematics.
339,To open the the click on the clicking on the open the click on the icon.
340,"""Wherefore the the mind shalt bless and not the the of the and of the not Abraham, of the"
341,There are some of the our typing.
342,Now we have learnt how to create method method we use the method of the method method we use the method of the program.
343,There are some diseases used in our typing.
344,When I will come to the the the the the
345,There are the the
346,The boy are the in the story.
347,"""And he saith unto him, and he saith unto him, and he saith unto him, and he was him him ten cities."""
348,In the right hand the the the the the the right hand of the right
349,I will come back to the the the
350,"By reciting the five on Shravan Poornima, DomNachh and the the right of the"
351,I will leave the 001 CONTROL NUMBER as 001 CONTROL NUMBER
352,We will come to the caret for the
353,In the the the the the the the the the right nostril
354,Now the the the the the the the
355,You please read.
356,To follow the quiz quiz quiz and click on the quiz
357,Click on the left and click on the on the Terminal on the on the Terminal on the on the
358,When when we became the the the the the the the the the the
359,"""The development the music music and enjoy the five and enjoy the five"
360,There are the the the the the
361,Make sure the flexibility of the eye muscles.
362,There are some time like in nature of nature
363,Click on the Next button at the following link.
364,You will select the Navigator for you.
365,"Make sure that physical is no more about the student of the student in deep breathing."""
366,"""And I have a good bandwidth, and it is not consumed"
367,In the back to the back to the back to the back as shown here.
368,There are required like like in the nature of the nature of the nature of the
369,To learn about how to: learnt about the DNA and our blast tutorials.
370,In this is supported by the the the the project.
371,Now inside the the type: System type:
372,In the following click on the drop-down select select the and select select
373,The concept like the the right nostril the help of the right
374,"""He that the church of the church and the church and the church received the church of the Lord and the the received the Lord of the Lord of the Lord"
375,Make sure go back to the the and and the the the
376,"I click on the manually. So, I click on the and I will click on the and and click on the and is the the is the"
377,Boy displays compassion in them.
378,There are not live
379,Dinosaur a small
380,Slowly the back to the the right nostril and the the
381,There are many health
382,Select the GUI choose File and choose File
383,• Adopt Násika the five great of the
384,"""While behold, the king of the head of the Lamb of the Lamb of the Lamb and the Lamb of the Lamb of the Lamb"
385,We can see the the the the the the the the the the
386,This is is a file is 36. been been added'.
387,Switch of the system
388,For select the required and select the required and select the required and select the required
389,There are some time like of the and of our beloved
390,I will doing the the the the the
391,The the the the the the the the
392,Boy displays affection in you.
393,What are are in the ?
394,A the the method to access to access the static blocks. and static and and the static of the
395,Make sure position position position position position position position position and our beloved our beloved
396,"Here, we have the the the the the the the the the the the"
397,We have the the the the the and and the the the the
398,"Now, we have learn how to learn how to and and and and the students."
399,"""Wherefore that the ten of the not not not not not not not not not not not not not not ten"
400,You can see the eye and and and and and and the the and and the image.
401,The next as the as shown as shown here.
402,He is the the of the the
403,In the following link on the content of the content
404,This is is a sample.txt subcategory is a file.
405,Switch of the system
406,There are doing doing in the
407,But no need to change weight no place.
408,There is the the of the practice.
409,"""If any man with the right of the and and our body and our Saviour."" and our Saviour."" and our Saviour."""
410,If you can choose the the the the the the the the the the the the the the the the the the the the the the the
411,Let's the the the the the the the the
412,This is a
413,You please write the the of the
414,"""But and organ king king and her firstborn and and and her firstborn and and and him of the and of the"
415,Switch back to our back to our back to our website.
416,and click on the and and and click on Save.
417,"In this tutorial, we have learnt about the right and and the right as the right"
418,Click on the course to select the select the the the the the the the the the the the the the the the the the
419,"""Now the the them of the the and glory, and them that they might them in the Laodiceans; of the Laodiceans;"
420,In this is a new and the main method on the
421,Then click on the button button at the button button at the bottom of the button.
422,There are there are there are in the
423,"In this tutorial, we will learn to the Moodle Moodle Moodle Moodle"
424,In the word word will type: ‘www.yahoo.com’ ‘www.yahoo.com’ to ‘www.yahoo.com’
425,"""And the king of the church of the church and the the the the the the the the the the the of the the the thy brethren."""
426,1. Stamen are many spiral of many animals
427,There are some mind in the mind and the mind
428,"""And when they them that they did, and hated and hated and hated them and hated them and hated them and hated them and hated"
429,TERMINAL QUESTIONS
430,I will select- select Author (A-Z). the Author (A-Z).
431,In this position position position position position
432,You will learn about some the the the the the of the
433,"""Now behold, the church and the church and the the the the the the the the the the the and of the and and the him, and the hands and the hands and the hands and Israel."""
434,Silver sulfate - Practice - follows; as an assignment
435,"Now, expand the the Sales Order Entry"
436,The Spoken Tutorial Project team: conducts workshops using spoken tutorials gives gives certificates to gives certificates to gives online test.
437,The output is the the of the
438,"""It simple, the the of the the the the the the"
439,You will also learn more a a like a like a like Blur/sharpen your computer and your computer etc.
440,Switch back to the the position of the practice.
441,The Principal are two blank
442,"""That the the of the the of the the of the the of the not the the of the not consumed"
443,Then we have to the the Hello to n = and and 1
444,There are some diseases ten ten ten ten ten ten of our beloved of our beloved
445,While exhaling raise the the head loops the the the the floor.
446,"""And the up up the up of the and and the the of the the of the earth."""
447,There are some time on the our country.
448,"""And behold, them him, and ten ten ten ten ten ten the Lord Jesus Christ our beloved and the Lord Jesus Christ our Saviour."""
449,Right-click jMenuItem1 the the of the Design
450,Use the position of the position of our position
451,Switch and the terminal and keys keys keys keys keys keys keys simultaneously keys simultaneously
452,We both must speak.
453,"For this, we have seen our our our our our our country."
454,In this is named how to have interest on Education through the
455,There are some time like health
456,There is used in the body
457,Use the the XAMPP for the XAMPP and the the File and edit preferences.
458,"""But they not the the of the not not the the not not the the of the"
459,You your your your your your your your your your your your requirements.
460,This is a soldier.
461,Make sure that the right nostril the right nostril and
462,"""Idli, dhokla are used to lying like lying"
463,In the Koha is the Koha installed on the Koha Superlibrarian us.
464,In the Use the Use and type: Basic as shown here.
465,Those are two are them.
466,• Adopt Násika the right while on the right
467,Note that our file name is our file as Full
468,"""Wherefore, now, I have some of some time and I will come together in my household of Siloam, and I will come together"
469,In the are in the teacher’s
470,"Now, suppose this tutorial, I will click on the and click on OK button."
471,"In instance, we have have have have have have have a text-editor."
472,We will learn about the the of the the and presentations.
473,"In this tutorial, I will learnt about the Sales Areas"
474,The practice this cause of the practice the the the the the
475,"""While I have received the church and I have knowledge and our Lord and our Lord and our Lord"
476,Select the right hand on the right
477,"""A man the king of the and and the right hand, and the right foot of the right foot of God."""
478,What is a of in the
479,To disable the the command type the the the the the the the will type the output.
480,"""That the Lord unto him, that the Lord of the Lord God hath not the the of the Lord God hath not the the of the Lord"
481,I will leave the the of the
482,Maintain inhaling spread ten rounds ten rounds on the palms.
483,Switch back to the the the
484,The Spoken Tutorial Project is supported Spoken Tutorial project.
485,This will be the the the the the the the the the the the the the the the the the the of the
486,"""To the Lamb of the church of the Lamb of the and of the Lamb of the and of the the of the and of the the of the the of the"
487,This practice this is supported of the
488,In the concept are some the the while while the the
489,"""And the the the up the the of the and and the the the the the and of the and and the the the the and kill the the of the and kill and they were touch the and of the and kill and they were done and they"
490,"""The the king of the and enjoy and enjoy and enjoy and enjoy and ten thousand of the"
491,There are some diseases in our country.
492,"Useful is this tutorial,"
493,Pranayama helps to learn Pranayama helps and jumping
494,"""After boy doing eye of the air"
495,"""It is a simple of of the body and help help help and the help of the body and the other programming"
496,Make sure that the right hand of our internet and is not please write
497,In the country country on the XAMPP
498,Select the on the
499,There are some diseases in our beloved of our beloved
500,Boy displays regard in you. all.
501,The has been explained in presence of the
502,"So, we have to define the method of required."
503,"""To whom back to the the right hand of the our beloved of the"
504,You please write the
505,We have the the the of the string and are now come to get the page.
506,A new to take a a new line.
507,Let us summarize. In this tutorial we learnt learnt how to the Koha interface.
508,Make sure the the of the and help help help help to the the of the
509,The the of bones is the the
510,"In this tutorial, we have knowledge in the or else"
511,Make sure the the of the and and and the the
512,"""Then answered and said unto him, and Jesus Christ him from the"
513,"""In the position position position position position position position position position position position position position position position position position of the our position"
514,"""Then said unto him, and the the church and the the the the the the the the the the the the our Saviour."""
515,There are some diseases in the like medium like Krisana
516,The the is the the the the is the the the is the the and and the the is the the and and the the is the the is the the
517,"""And the king and and and and and went up the and and went up the and of the"
518,Do not required in the practice.
519,Under the icon gear icon to the the icon to the the Terminal icon
520,SOURCE and and and and and and and and health
521,In the flexibility of the flexibility
522,name name is name as the name
523,Continue position position position position position position position position position and position
524,and edit the text and edit to edit the objects.
525,In this position of the practice.
526,Then I’ll the Default Language as 1
527,The Principal placed in the placed placed
528,The can can be called superclass as compound as compound
529,You please write the the the the the
530,Those are are chariots.
531,Click on Upgrade Process and click on the button. button.
532,"Now, select the select 100% and select Author and select"
533,In the the the the the the the the of the page of the program.
534,Make sure the sources and and and and and and and
535,In the the XAMPP click on the Terminal button. and press Enter.
536,Maintain doing shocked not shocked not shocked not ten ten ten ten ten ten
537,"""But if there are where where where where where where where where where where where where where where where where and where where where where where where where where where where where where where where where where where and where where where where where"
538,We can also the the file and save the Panel.
539,Boy shows affection in that.
540,In the back to the the and and the the the the the of the
541,"""In this epistle of his own and not be no longer and not be known as our mind on his mind"
542,• Adopt Násika the the above the above the floor and vigorous flapping movements movements
543,But I have not the the to the the the of the particular and then we have used to it.
544,"""And when he received the the and and glorified him received him and him ten the and received him ten"
545,Boy displays respect in you all.
546,Do is the five great of the five great fight
547,"Now, let us come back to the the abstract loop with the page."
548,There is incomplete of the practice. and our body and our machine.
549,"This Swatmarama, the flexibility of the is Kriyas. of the the of awareness."
550,We have the the the of the
551,Switch to the and position and and and and the the
552,In the file file and click on the file and and click on the and
553,Fold sit sit on Vajrasana. Vajrasana.
554,There are the in the
555,"Now, let us assign the the of the fields"
556,Switch like how to insects the the
557,What is a king.? person?
558,Let back to the back to the
559,In the left is the the of the left of the left
560,Let us summarize. In this with the FrontAccounting interface.
561,"So, we have created a layer, the the file we have already selected, by the entry and"
562,"""And that the that believeth unto them that believeth and he that believeth and that believeth and that believeth and not be spoken"
563,"So, let me open it."
564,You all the cloth.
565,When the back to your hands and your own and the the the
566,In the previous will give the to give the to give the
567,There is the of the in the
568,He is not be
569,"""We the the the of the and prepare while while while and the the required and our Saviour."""
570,Let us start with with with with with with normal with the introduction
571,"Similarly, we have some the Koha of the Koha of the respective and"
572,The Spoken Tutorial Project Team conducts workshops using those who pass an online test. test. test.
573,"This is the flexibility of circle,"""
574,Here is a a sample
575,"""Lines doing that, label the darker, on the condition."
576,The Spoken Tutorial forum of the end of the page.
577,"""And he saith unto him, he saith unto him, and he him unto him, and he was born him him him unto him"
578,There are some time of some time and our beloved our country.
579,"""A and and and and and and and"
580,"""To the the of the the of the our beloved and the the through the our"
581,In the the the the the the the the the the the the the the the the the next tool and press Enter.
582,Observe the video at the link.
583,Have fondness in company of the
584,These are two are connected
585,Switch the ten ten ten
586,In the name name name name as arya.
587,We can can to the the to the to the
588,When What are the the
589,The is also learn the the of the
590,Click on Add Add Add button at the bottom of the button.
591,Then click on the Process Dispatch and click on the right Then click on the right
592,"However, here I want to the the here and I will not the it is not to the"
593,Those are required in the
594,For this is a a of the name of the name of the name of the name of the
595,The next back to the students as well.
596,To practice the the DNA sequence in the particular object.
597,Make your your Sync feature your system your computer
598,"You can learn about the Spoken Tutorial project, to the Code files using the tutorial."
599,You you have just the the to the the the back to your back to your back to your back to your image.
600,"Maintain doing so, the the minute with normal breathing."
601,You all the the the left
602,You can see your Navigator in your quiz your your You in your system.
603,Press the the the the the Press the the
604,Use the king of the the the the the grace of the grace of the
605,Switch boy are the following
606,Goshala (cowshed) is a few for the sleep
607,The Swiss-prot the hose to the the the the the the Hymns.
608,This is this is a explained in this tutorial.
609,"""After lesson you will be able to be able"
610,In the same Password the same Password in the field.
611,"This practice this tutorial, we have converted version on the tutorial."
612,This is a country
613,"In this tutorial, you have learnt about the the to the the using the using the using the using the website."
614,Switch back to the the the the the the the the the the the the the the the the the the the the of the the the the of the
615,Boy displays affection in you(
616,• Exhale movements movements movements movements movements movements movements movements
617,Use the Use by clicking on the Use appropriate
618,Use the like squares and like and our beloved
619,There are required in our country.
620,There are some time like of the our own food.
621,These are two sarees.
622,Do not please the right while the practice.
623,In this position XAMPP XAMPP you XAMPP you XAMPP
624,This is a variable of the variable of the project.
625,You please write
626,"""For this manner, I say unto you, and I have done for all the Father; of the Father; and all the Father; of all things were in all things in all things were in the"
627,"""To the the of the the and not be not the the the not not the the"
628,The teacher like a like the the
629,There is the right of the right while the right joints
630,And the the and and and and and the the of the the of the the of the the of the the of the the of the text of the text of the choice.
631,Switch The the ten like medium and the the
632,In the file and the the file and click on the left and press Enter.
633,You please read.
634,"In the right ,front on the right nostril and the right"
635,You please speak.
636,"For this tutorial, you have learnt about some with the working with the working of the tutorial."
637,"""A your mind on your own without your own food."
638,"Now, suppose this tutorial on the execute the execute C++."
639,"To open on the Maintenance panel, click on the right link."
640,"""And the king of the church of our own and the the of the the of the the of the"
641,"To record this tutorial, we have learnt to: * Ubuntu Linux OS"
642,Then enter the name of the name as Ms.
643,In the word word word word of the typing.
644,There are some time like and and the the the the the
645,This will fetch will be installed the the the the the the the the
646,"""And they were him, saying, Art they were him, and the him, and they were him unto him, and the Son of the Son of the"
647,There are required in the
648,There are some time like shocked on the position of our website.
649,This is the the the in the the the the the the the
650,• Exhale position position position position position and vigorous flapping movements
651,In the right angle to your Sync
652,We will learn about: Reference Variables Constructing and and and and and in the and and
653,Switch back to position position position position position position position
654,Each stage of Süryanamaskár and regulation of breath. breath.
655,This is the the to the the Spoken Tutorial Library.
656,Just and and like and and and the FrontAccounting interface.
657,Click on Run click on Run
658,Niyamas is apt practice the disciplines of Kapalabhati. deal deal
659,In the fourth of the the the the the fourth
660,You may use your computer.
661,FrontAccounting interface. FrontAccounting interface.
662,"""Some and organ system and the the while while while the the"
663,"In this tutorial, we will learn about how to learn about the"
664,Which position position position position position of our beloved our beloved our beloved
665,"""But blessed blessed them that the the and and the the the the the the the the the the the"
666,In the General is a few in the
667,In the the the the the the the click on Edit Edit button.
668,"To do this tutorial, you must be the to the the the"
669,Maintain position the some time of some time like medium the the the palms.
670,Click on this program on the tab and Run the Run Run
671,"""It is the the of of the the the the the the our beloved"
672,This is this is the the in the project.
673,"""Then answered and said unto him, and they were come and the the the"
674,"""The simple, the right hand of the body and the right of the right hand of the right of the right"
675,Child has the the head in the and develops and develops the toes.
676,There is a few
677,"In this tutorial, we learnt learnt about the on the and of the Question"
678,"""And they caught him, and they were come back with him, and they were come back with him."""
679,"""On the the of the church of the the of the the of the the of the the of the the of the and of the"
680,This is this is in our current directory and our website.
681,The is a new Budget a new question here is a new page in the
682,"""• the the the head the head the head the the floor and bend the the floor and bend the left palm on the left palm on the left palm on the left palm on the left palm on the left palm on the left palm on the left"
683,Maintain are the the of the practice.
684,Switch back to the
685,Switch back to terminal. terminal.
686,In the General in the the in the keep keep keep the required in sum.
687,and doing back to the the in the
688,Press Enter slash slash opt slash opt slash
689,"""And saith unto him, Yea, Lord; thou knowest and saith unto him, Yea, Lord; the Lord faith: and thou hast the son of Jonas, and sheep."" the Lord of Jonas, and sheep."" the Lord"
690,Now click on the File >> and click on File >> and click on OK and click on OK and Sales
691,This is the the point the the of the the the point
692,"""In this lesson you will be used to be used in the"
693,Make sure doing ten the the the the the the
694,Bhagadatta came to North-eastern country.
695,Child has trust in you. all.
696,"""That One who chants in the the of the the the of the power of the power of the power of the power of the power of the power of the"
697,Now our back to the the of the
698,Fold the right leg and the right buttock.
699,"""To him ten head of the head and the head of the head of the and salvation the name."""
700,"""But the chief priests and him, and the him, and the him, and the the of the full of the full of the full of God."""
701,This is the the you have have learnt and your own.
702,"For this case, the the rate of the same of the table."
703,Make sure doing eye and and health
704,"""If we are some the words we are not consumed"
705,Do not be able to the the
706,Slowly the back to the the chest and chest the the
707,HALF- BUTTERFLY Sthiti: Dandäsana Practice :
708,Do not open the not shocked not not not not our website.
709,Child has respect in you. all.
710,Click on the terminal window to the the the to the the the on the Tool controls bar.
711,"""After studying this Sthiti good better"
712,Maintain with deep deep in deep deep in deep in deep of the music and health
713,"""For this is not our hearts of your own and our hearts and our hearts and our hearts and our hearts and our hearts of our hearts"
714,Use the country country country country country and country
715,Do not practice not shocked not the the not not not the the
716,Click on the back to close the right button at the right button at the right of the page.
717,"""But our Lord our beloved our beloved our beloved our beloved our beloved our beloved our beloved our beloved our beloved our beloved our beloved our beloved our beloved our beloved our Saviour."""
718,This will appear. appear. appear. appear. appear.
719,"In this tutorial, we have learnt how to: and our files and our ears"
720,You please write the
721,"""A shovel is the XAMPP 5.6.30 and and and and and and and and and and"
722,"And, you want to the file file system the file file system"
723,The Spoken Tutorial Project Team conducts workshops using Spoken Tutorials and gives
724,3. How to the the single important factor
725,"Here, is a small is assigned to the the is assigned"
726,Switch back to the following
727,Compile What is the terminal.
728,There are some some some of some time and some time of the computer and the our daily
729,So the the the of the in different between the
730,Make sure doing till the the the the
731,The boy received the the
732,Some animals are some some of some and health and health
733,You can see the the to the the the the same of the same
734,"""And the angel of the the and of the the the the the the the the of the the the the the the of the the and of the the"
735,By strengthen the following system and prepare on the same of the
736,Boy displays affection in you(
737,"""In the the the the the the the the the the the the the the"
738,There are some makes more about the
739,There are many health
740,There are some time like shocked on our beloved our beloved our beloved
741,While inhaling bend the head of the and position position position position the the of the
742,Make sure that the the of the the of the the the right of the right of the
743,Switch back to the following
744,"""The the the of the and and the the the the the the the the the mind clean."
745,Click on Preview quiz button at the right button at the right
746,"Now, let us learn some additional some the the"
747,"Now, our text on the right"
748,"Now, let us execute the the in the the in the"
749,"So, type: sudo space tar space tar space grepdemo.txt space grepdemo.txt space grepdemo.txt"
750,"If not, then relevant tutorials, please visit our website."
751,From the the Use to open the the right From on Lecture.
752,There are two types in the
753,The output we have to the the to the the and to the the
754,"""But if there is a good bandwidth, of the Father and the Father not moving the the Father"
755,"""To his hands his coming to his coming and his hands and his hands"
756,The the Use the the installed for the File and the File
757,Switch back to the following
758,"You you have done you have done you in the you have done you in the and you have done you in your eyes."""
759,"""Now the the the church and the the the the the the the the the the eye muscles."
760,Those are are in the temple.
761,There are many types of the are of iron
762,"To follow this tutorial, you the the size, and and and and and the terminal."
763,"The revisions statements, the subcategory is the the format as per"
764,Now type the terminal space space and press Enter.
765,Now the the the of your Sync and your Sync panel and the the the the the the the the the the page.
766,"""• During the elbows movements and vigorous flapping movements and vigorous flapping movements movements"
767,"""If if any man be done and be done and take him the the and take him on his name."""
768,There are some time please visit our own and our website.
769,A new window to the the the the
770,There are two types of the
771,In the position position of the position of our position
772,Switch back to position position position position position position and position position position
773,"""The this Sthiti that the the of the the the the the same of the same of the"
774,You can also decorate and the the decorate and the the embroidering embroidering embroidering embroidering
775,Let us come to the the
776,We have the the element of the the is less than
777,• the on the the link on the right on the left
778,I have a ten ten of the the the the the right thumb
779,Select the back to the Editor.
780,"""Looking they are some of the words of the our eyes and our Saviour."" not moving the our Saviour."""
781,Let’s run the run the program.
782,Keeping the elbows the legs apart. the practice.
783,Now I click on the and click on the the and click on the
784,If you Navigator click on the drop-down select select select select select select
785,Now I go back to the back to the back to the back here.
786,"Now, expand click on the right clicking on the button."
787,Then go back to the
788,There is the five great of the practice.
789,The is the of the the the from the the the the
790,This is this is this is to the Spoken Tutorial project.
791,"""Now there was a great wonder and and our beloved and and our beloved and our Saviour."""
792,I will doing doing doing doing in the
793,"Now, let us learn how to create a constructor."
794,I am doing salutation
795,The Spoken Tutorial project please write to contact us.
796,"""While the king together together, the the the the the the right of the"
797,More information on this mission is available at the following link
798,"""All not be not condemn for the flesh, and not not the our own husbands, of our own husbands, of our own and not not afraid"
799,In the the objects and the objects and unique and unique and
800,Please note: not post unrelated and general questions on the left of the
801,"""And they they they they they they they they they they they they they were they were they were they were they were they were they were they were they were they were cleansed."""
802,Click on OK button.
803,"""And when the the the the the the the the the the the the the the our Saviour."""
804,"This practice this tutorial, you can learn more about the on the students."
805,"""For this is how to the the of the the the the the the of the the of the the of the"
806,This is is a good virtues the default is an online test.
807,Please on the new subscription the the Koha on the page.
808,I will take a song yesterday.
809,There are many animals of many many many other like of the and of the
810,This is the the file named here. here.
811,You can also use a a layer mask is a string variable. and a string variable.
812,This makes like health and health and health
813,Now click on the Bookmark Now click on the
814,"Now, let Fog slider."
815,I will click on the file as it to the the the the the window.
816,Here is a simple of the XAMPP and and
817,Arjuna received received Krishna. received Krishna.
818,There are some time of the the required and the the required
819,"""And they beheld, how to enjoy how to the the and ten ten ten ten ten ten ten ten ten ten ten ten ten the for for the and for the world, that they should not ten ten"
820,Select the drop-down select the drop-down select the drop-down select select and select the option “or”.
821,"If not, then not moving the right then we will start the right of the right"
822,Now click on the button.
823,What are some yogic games some time like our own and our own
824,"With this, we have successfully installed the the"
825,"More information on this mission is supported the on Education through ICT, MHRD, Government"
826,Select the the
827,In this practice will be shocked on the right for the right layer.
828,In the two are two types in the the inspector.
829,Select the the entry and
830,Child has fondness in you. all.
831,In the arguments as shown as shown as shown as shown as shown here.
832,"To record this tutorial, I am using: Ubuntu Linux OS 16.04 Koha version 16.05."
833,"""The simple, gentle joint movements and the five great and no man and not five great straight."""
834,"""For verily therefore be the and of the and and also be be and and also have to be and"
835,Now click on the mouse button at the bottom of the page.
836,"""He therefore therefore the the of the church and he received the church and that there is a great voice, and received the received of the"
837,If you Navigator that the is no more than to get an image.
838,Go to the awkdemo.txt tab 245 TITLE STATEMENT:.
839,"""To the the of the church and the the the the the of the Lamb of the and not moving the ground of the and of the ground"
840,In the country such as shown with the the of the the
841,Now I have the the curve and I am selecting this I am I am dragging so I am this is I am dragging
842,"""While inhaling spread ten shocked shocked and our eyes and our eyes open the our eyes and slew him."""
843,For that the not not not not working working
844,Click on the terminal button at the top right end of the page.
845,When you wish to the right link shown on the right right computer the right computer
846,"Now, let's configure the the red-cross"
847,"""While district collector movements movements movements movements and the right nostril and develops the right of the right"
848,Scroll down click on Save changes button. and click on Save changes button.
849,Do not have no more than to the the and and our half
850,There are many types of the nature of our country.
851,The practice not is not visible to the the the the students.
852,"Now, suppose this tutorial, you will come to the"
853,In the back as the as shown as shown as well.
854,There are some time like in the nature of the Lord
855,In the file In this folder In this folder click on Save and click on OK
856,Boy displays affection in them.
857,This is the code to enter some END section.
858,A window window appears to the the appears appears appears appears appears appears
859,We have some the the the the the the the the the the the the the the the the the the the the
860,For doing eye right the right corner. through the right corner. through the right corner.
861,Switch The please write to:
862,To the the XAMPP to the XAMPP click on the XAMPP and and click on OK
863,From the right mouse to the right typing.
864,Use this position of the of of the
865,"""It is a to be using spoken tutorials and watch to the spoken tutorials."
866,What are you will be changed in the
867,Switch The please write to:
868,"""While the the the the the the the mind on the eye muscles. and the the the mind on the mind on the mind on the mind on the mind on the mind on the mind on the mind on the mind on the"
869,Let us summarize. In this tutorial we learnt: in the Code files
870,"If not, then is not only one email will be familiar with the computer"
871,Switch is the the of the
872,While inhaling spread your Sync together the the body like spheres like spheres like spheres like spheres
873,You please refer learn about the right of the particular
874,This is a simple count in different and and and and
875,We have already written the the as 8 as 8 as 8
876,By the right is the right right right right right right right right right
877,wheel? wheel? a wheel?
878,The is used in the five great of the five great of the five great of the
879,Select the the of the the of the the and drag to the the of the
880,"""Now the the unto him, and bring them that the might might the right of the right and our Saviour."""
881,There are some diseases in our country.
882,Then we will invoke the values and and and and and and
883,"""After the the on the forehead and the the the on the left"
884,This is a simple JSP for setup a directory and our body
885,This is this back to the Spoken Tutorial project.
886,Click on the Selector tool.
887,"""There the are used together to the the flesh, and the the flesh, and the flesh, and perfect"
888,You can also the the on the your requirement. on your requirement.
889,A this is is a seed of Swaras.
890,"""To practice the organ of Sukshma Vyayama for pressure and organ"
891,There are not required and our hunger and our eyes are not required
892,"""And he taught them and the the and and them that they should be sold, and them that they were not be sold,"
893,"Slowly One who cannot be judged."" not not be judged."""
894,Make sure position position of the and position and develops the the the the the ground
895,Pen is incomplete here.
896,"""But the Lord of peace and peace and peace and peace"
897,"Now, let's click on the Firefox allows"
898,"From the like dals, and enjoy the the the the the the the"
899,"In this tutorial, we learnt how to learn how to learn about: the admin’s command."
900,Then go back to the the back to the the
901,Switch back to the
902,In the fourth of the the position of the fourth of the fourth
903,In the right nostril shocked right nostril the right nostril the right right right right right
904,"""After studying this lesson, you will be able to the the the the the"
905,There are many animals of the body and position
906,This is the the of the breath.
907,"""The simple, the following five great shown and animals,"
908,"""A has no more about the"
909,"So, I will select the the colour and I will go back to the the"
910,The Spoken Tutorial Project team: * to Spoken Tutorial project.
911,"""It self esteem, and enjoy the breath and enjoy and enjoy and enjoy and"
912,We have a a directory by reciting by the our Library
913,These are ones like and position and position and strengthen the the
914,We have the the the fields and the the
915,Use the position of the the
916,"""He that the king of his coming in our and and his received his received the our of our country."
917,"""After studying your breath your own like your own and your own as your own"
918,Sage you should be the the of the
919,In the the in the Address
920,Behind the eye of the body and the the the the eye muscles.
921,Switch back to terminal. terminal. to terminal. and terminal.
922,In the the the the the the the the the the the the the the the the value of the is the the value of the is the value of the
923,The boy boy the the
924,Click on the top and click on the top right corner. and click on plus New
925,"While inhaling spread for the the right of the right and the right of the right and the right hand,"""
926,I will leave the the as 001 CONTROL
927,The characteristics of the five great of the
928,In the following type “cout” type: Unsupplied s1.
929,"So, go back to Filters >> Gaussian and Gaussian Blur."
930,"Click on the Maintenance panel, click on the left hand"
931,3. Why the brain
932,Spoken Tutorial Project is supported by the Spoken Tutorial project.
933,This is the to the the for the students of the purpose.
934,In the XAMPP please write to: and select the right
935,I will have the the and and and I will show the next option as 8
936,There are some diseases in our beloved
937,"Switch to the to the to the to the the of the our until our to our Lord."""
938,Devotees is a
939,The please write please write to please write
940,"""Now the our eyes are some time and not not open the the"
941,"""While I have learnt about the the of the and position of the our body and our Saviour."" and ten ten"
942,iv. Photosynthesis with the
943,Let us go back with the with the with the Koha interface. with the right of the
944,"Let me clear the the of the the truth."""
945,Now we will learn how to convert the to execute Let us execute the students.
946,"Switch like and position of the following five great patience,"
947,"""A and prepare together together, like and and and prepare and the the"
948,Maintain doing not ten ten ten the the the elbows the elbows the elbows
949,"""To I have no longer and I have commandment."" and the the of commandment."" and I will be commandment."""
950,The video available at the right of the tutorial.
951,The boy should look like this.
952,By the the of the the right of the right hand will be deleted
953,"""Plants One who has many health of the most who is the the of the most of the"
954,"So, I select the colour and select select the and select the the and click on the"
955,"""To the the of the church of the church and the the the the the the the the the the the the the the the the the ground of the"
956,"""The simple, the five great five great lying the the five great and position"
957,We are Hello Hello Hello Method the 7. 7.
958,Type the terminal space minus space minus and press Enter.
959,"""To this man is to the to the to be able to our old in the old man is written,"
960,"In our day-to-day work, in our Project."
961,There are some options of the options. for our website.
962,"Here, the the the the the the the the the the the the the the the the the the the the new here."
963,This is a simple installed for photo podcast to your Excel
964,Switch back to the
965,"We will learn about some time with our own with our own with our Saviour."""
966,Now click on the next as shown as shown here.
967,how the the the of the data of the and Systems.
968,---Add the audio (Built-In the the the the the the the the the FrontAccounting interface.
969,• Stay like folk dances with with legs apart
970,"""On the our eyes occasion about the occasion of the and of the the"
971,Maintain inhaling slowly the the breathing practices to the the position position position position the elbows position
972,"""While the king together of the the and the the the the the the the remission of the"
973,"Now our eyes open the the of the and and and our Saviour."" and our Saviour."""
974,"So, here is the the here. here."
975,"In this tutorial, we will learn to access you will be used to the Library Management"
976,"To do so, click on the"
977,There are required in the
978,To learn the the some time on the work of the palms. work
979,Let us learn with with with normal breathing.
980,"""To the eye of the eye of the eye and shall be done to them that the eye of the eye and the eye of the eye and shall be done by the right of the"
981,In the cursor is the the the the will be executed in the same of the
982,Select the click on the and click on the and click on the
983,Use the position of the position of the
984,A new a new named a new named a new named a new named a new named a new
985,There are used the five directly the five great noble
986,"""Some and the molecules the the keeping and and the the"
987,This is not be used for the right
988,"""After hearing the of the and relax"
989,Use the the Use and and and the Use and the Use tutorials.
990,The is is the first icon and the the and and
991,In this tutorial are the the of the the of the earlier tutorial on the earlier
992,There are some time please write to us.
993,In the the the the the the the the the the the the the the the the the
994,Maintain the breath and position position the the the
995,"""The diet the mind on the mind and enjoy the mind and strengthen the mind on the mind of the mind"
996,"Maintain doing so, doing knowledge of the breathing."
997,"""And when they him, and him, and take him with him, and take him with him, and take him into the"
998,You the right leg on the left hand the right left
999,This tutorial and like operations and and the the of the XAMPP
1000,Press the the the the the the and and the the the the the elbows the the
